jenis_usaha,kecamatan,wilayah
Bola Sodok,Kebon Jeruk,Jakarta Barat
Bola Sodok,Tambora,Jakarta Barat
Bola Sodok,Tamansari,Jakarta Barat
Bola Sodok,Kalideres,Jakarta Barat
Bola Sodok,Tambora,Jakarta Barat
Bola Sodok,Grogol Petamburan,Jakarta Barat
Bola Sodok,Kebon Jeruk,Jakarta Barat
Bola Sodok,Grogol Petamburan,Jakarta Barat
Bola Sodok,Cengkareng,Jakarta Barat
Bola Sodok,Grogol Petamburan,Jakarta Barat
Bola Sodok,Tambora,Jakarta Barat
Bola Sodok,Tamansari,Jakarta Barat
Bola Sodok,Palmerah,Jakarta Barat
Bola Sodok,Cempaka Putih,Jakarta Pusat
Bola Sodok,Menteng,Jakarta Pusat
Bola Sodok,Gambir,Jakarta Pusat
Bola Sodok,Gambir,Jakarta Pusat
Bola Sodok,Senen,Jakarta Pusat
Bola Sodok,Kemayoran,Jakarta Pusat
Bola Sodok,Gambir,Jakarta Pusat
Bola Sodok,Tanah Abang,Jakarta Pusat
Bola Sodok,Cilandak,Jakarta Selatan
Bola Sodok,Pancoran,Jakarta Selatan
Bola Sodok,Pesanggrahan,Jakarta Selatan
Bola Sodok,Tebet,Jakarta Selatan
Bola Sodok,Kebayoran Baru,Jakarta Selatan
Bola Sodok,Setiabudi,Jakarta Selatan
Bola Sodok,Pancoran,Jakarta Selatan
Bola Sodok,Tebet,Jakarta Selatan
Bola Sodok,Setiabudi,Jakarta Selatan
Bola Sodok,Setiabudi,Jakarta Selatan
Bola Sodok,Setiabudi,Jakarta Selatan
Bola Sodok,Jagakarsa,Jakarta Selatan
Bola Sodok,Pasar Minggu,Jakarta Selatan
Bola Sodok,Tebet,Jakarta Selatan
Bola Sodok,Pancoran,Jakarta Selatan
Bola Sodok,Tebet,Jakarta Selatan
Bola Sodok,Cilandak,Jakarta Selatan
Bola Sodok,Pasar Rebo,Jakarta Timur
Bola Sodok,Ciracas,Jakarta Timur
Bola Sodok,Kramat Jati,Jakarta Timur
Bola Sodok,Pulo Gadung,Jakarta Timur
Bola Sodok,Kramat Jati,Jakarta Timur
Bola Sodok,Pulo Gadung,Jakarta Timur
Bola Sodok,Pulo Gadung,Jakarta Timur
Bola Sodok,Cakung,Jakarta Timur
Bola Sodok,Duren Sawit,Jakarta Timur
Bola Sodok,Pademangan,Jakarta Utara
Bola Sodok,Penjaringan,Jakarta Utara
Bola Sodok,Pademangan,Jakarta Utara
Bola Sodok,Kepulauan Seribu,Jakarta Utara
Bola Sodok,Kelapa Gading,Jakarta Utara
Bola Sodok,Kepulauan Seribu,Jakarta Utara
Bola Sodok,Pademangan,Jakarta Utara
Bola Sodok,Koja,Jakarta Utara
Bola Sodok,Kelapa Gading,Jakarta Utara
Bola Sodok,Kelapa Gading,Jakarta Utara
Bola Sodok,Pademangan,Jakarta Utara
Bola Sodok,Penjaringan,Jakarta Utara
Bola Sodok,Kelapa Gading,Jakarta Utara
Diskotik,Tamansari,Jakarta Barat
Diskotik,Tamansari,Jakarta Barat
Diskotik,Tamansari,Jakarta Barat
Diskotik,Tamansari,Jakarta Barat
Diskotik,Tamansari,Jakarta Barat
Diskotik,Kebon Jeruk,Jakarta Barat
Diskotik,Grogol Petamburan,Jakarta Barat
Diskotik,Tamansari,Jakarta Barat
Diskotik,Tambora,Jakarta Barat
Diskotik,Tamansari,Jakarta Barat
Diskotik,Grogol Petamburan,Jakarta Barat
Diskotik,Tamansari,Jakarta Barat
Diskotik,Grogol Petamburan,Jakarta Barat
Diskotik,Tamansari,Jakarta Barat
Diskotik,Grogol Petamburan,Jakarta Barat
Diskotik,Tamansari,Jakarta Barat
Diskotik,Tambora,Jakarta Barat
Diskotik,Tamansari,Jakarta Barat
Diskotik,Tamansari,Jakarta Barat
Diskotik,Tamansari,Jakarta Barat
Diskotik,Tamansari,Jakarta Barat
Diskotik,Tamansari,Jakarta Barat
Diskotik,Tamansari,Jakarta Barat
Diskotik,Tamansari,Jakarta Barat
Diskotik,Kebon Jeruk,Jakarta Barat
Diskotik,Grogol Petamburan,Jakarta Barat
Diskotik,Menteng,Jakarta Pusat
Diskotik,Tanah Abang,Jakarta Pusat
Diskotik,Tanah Abang,Jakarta Pusat
Diskotik,Menteng,Jakarta Pusat
Diskotik,Sawah Besar,Jakarta Pusat
Diskotik,Sawah Besar,Jakarta Pusat
Diskotik,Menteng,Jakarta Pusat
Diskotik,Menteng,Jakarta Pusat
Diskotik,Gambir,Jakarta Pusat
Diskotik,Menteng,Jakarta Pusat
Diskotik,Cempaka Putih,Jakarta Pusat
Diskotik,Gambir,Jakarta Pusat
Diskotik,Sawah Besar,Jakarta Pusat
Diskotik,Menteng,Jakarta Pusat
Diskotik,Sawah Besar,Jakarta Pusat
Diskotik,Menteng,Jakarta Pusat
Diskotik,Tanah Abang,Jakarta Pusat
Diskotik,Menteng,Jakarta Pusat
Diskotik,Tanah Abang,Jakarta Pusat
Diskotik,Tanah Abang,Jakarta Pusat
Diskotik,Setiabudi,Jakarta Selatan
Diskotik,Kebayoran Baru,Jakarta Selatan
Diskotik,Kebayoran Baru,Jakarta Selatan
Diskotik,Setiabudi,Jakarta Selatan
Diskotik,Kebayoran Baru,Jakarta Selatan
Diskotik,Kebayoran Baru,Jakarta Selatan
Diskotik,Kebayoran Baru,Jakarta Selatan
Diskotik,Kebayoran Baru,Jakarta Selatan
Diskotik,Kebayoran Baru,Jakarta Selatan
Diskotik,Kebayoran Baru,Jakarta Selatan
Diskotik,Mampang Prapatan,Jakarta Selatan
Diskotik,Kebayoran Baru,Jakarta Selatan
Diskotik,Kebayoran Baru,Jakarta Selatan
Diskotik,Matraman,Jakarta Timur
Diskotik,Pademangan,Jakarta Utara
Diskotik,Koja,Jakarta Utara
Diskotik,Kelapa Gading,Jakarta Utara
Diskotik,Kelapa Gading,Jakarta Utara
Diskotik,Kepulauan Seribu,Jakarta Utara
Diskotik,Pademangan,Jakarta Utara
Diskotik,Koja,Jakarta Utara
Griya Pijat,Kebon Jeruk,Jakarta Barat
Griya Pijat,Tamansari,Jakarta Barat
Griya Pijat,Tamansari,Jakarta Barat
Griya Pijat,Tamansari,Jakarta Barat
Griya Pijat,Grogol Petamburan,Jakarta Barat
Griya Pijat,Kebon Jeruk,Jakarta Barat
Griya Pijat,Tamansari,Jakarta Barat
Griya Pijat,Kembangan,Jakarta Barat
Griya Pijat,Cengkareng,Jakarta Barat
Griya Pijat,Tamansari,Jakarta Barat
Griya Pijat,Cengkareng,Jakarta Barat
Griya Pijat,Tamansari,Jakarta Barat
Griya Pijat,Tamansari,Jakarta Barat
Griya Pijat,Grogol Petamburan,Jakarta Barat
Griya Pijat,Tambora,Jakarta Barat
Griya Pijat,Kebon Jeruk,Jakarta Barat
Griya Pijat,Kembangan,Jakarta Barat
Griya Pijat,Kembangan,Jakarta Barat
Griya Pijat,Kebon Jeruk,Jakarta Barat
Griya Pijat,Kembangan,Jakarta Barat
Griya Pijat,Kalideres,Jakarta Barat
Griya Pijat,Cengkareng,Jakarta Barat
Griya Pijat,Grogol Petamburan,Jakarta Barat
Griya Pijat,Cengkareng,Jakarta Barat
Griya Pijat,Tamansari,Jakarta Barat
Griya Pijat,Tamansari,Jakarta Barat
Griya Pijat,Tamansari,Jakarta Barat
Griya Pijat,Tamansari,Jakarta Barat
Griya Pijat,Tamansari,Jakarta Barat
Griya Pijat,Cengkareng,Jakarta Barat
Griya Pijat,Tamansari,Jakarta Barat
Griya Pijat,Tamansari,Jakarta Barat
Griya Pijat,Tamansari,Jakarta Barat
Griya Pijat,Tamansari,Jakarta Barat
Griya Pijat,Tamansari,Jakarta Barat
Griya Pijat,Tamansari,Jakarta Barat
Griya Pijat,Grogol Petamburan,Jakarta Barat
Griya Pijat,Cengkareng,Jakarta Barat
Griya Pijat,Tamansari,Jakarta Barat
Griya Pijat,Cengkareng,Jakarta Barat
Griya Pijat,Kebon Jeruk,Jakarta Barat
Griya Pijat,Tamansari,Jakarta Barat
Griya Pijat,Tamansari,Jakarta Barat
Griya Pijat,Tamansari,Jakarta Barat
Griya Pijat,Grogol Petamburan,Jakarta Barat
Griya Pijat,Kembangan,Jakarta Barat
Griya Pijat,Kebon Jeruk,Jakarta Barat
Griya Pijat,Tamansari,Jakarta Barat
Griya Pijat,Tamansari,Jakarta Barat
Griya Pijat,Tamansari,Jakarta Barat
Griya Pijat,Tamansari,Jakarta Barat
Griya Pijat,Tamansari,Jakarta Barat
Griya Pijat,Tamansari,Jakarta Barat
Griya Pijat,Tamansari,Jakarta Barat
Griya Pijat,Tamansari,Jakarta Barat
Griya Pijat,Cengkareng,Jakarta Barat
Griya Pijat,Tamansari,Jakarta Barat
Griya Pijat,Grogol Petamburan,Jakarta Barat
Griya Pijat,Tamansari,Jakarta Barat
Griya Pijat,Tamansari,Jakarta Barat
Griya Pijat,Kembangan,Jakarta Barat
Griya Pijat,Tamansari,Jakarta Barat
Griya Pijat,Tamansari,Jakarta Barat
Griya Pijat,Tamansari,Jakarta Barat
Griya Pijat,Grogol Petamburan,Jakarta Barat
Griya Pijat,Tamansari,Jakarta Barat
Griya Pijat,Tamansari,Jakarta Barat
Griya Pijat,Tamansari,Jakarta Barat
Griya Pijat,Cengkareng,Jakarta Barat
Griya Pijat,Tamansari,Jakarta Barat
Griya Pijat,Tamansari,Jakarta Barat
Griya Pijat,Kebon Jeruk,Jakarta Barat
Griya Pijat,Grogol Petamburan,Jakarta Barat
Griya Pijat,Palmerah,Jakarta Barat
Griya Pijat,Tamansari,Jakarta Barat
Griya Pijat,Menteng,Jakarta Pusat
Griya Pijat,Tanah Abang,Jakarta Pusat
Griya Pijat,Sawah Besar,Jakarta Pusat
Griya Pijat,Gambir,Jakarta Pusat
Griya Pijat,Sawah Besar,Jakarta Pusat
Griya Pijat,Gambir,Jakarta Pusat
Griya Pijat,Sawah Besar,Jakarta Pusat
Griya Pijat,Gambir,Jakarta Pusat
Griya Pijat,Tanah Abang,Jakarta Pusat
Griya Pijat,Sawah Besar,Jakarta Pusat
Griya Pijat,Sawah Besar,Jakarta Pusat
Griya Pijat,Kemayoran,Jakarta Pusat
Griya Pijat,Gambir,Jakarta Pusat
Griya Pijat,Menteng,Jakarta Pusat
Griya Pijat,Sawah Besar,Jakarta Pusat
Griya Pijat,Senen,Jakarta Pusat
Griya Pijat,Gambir,Jakarta Pusat
Griya Pijat,Menteng,Jakarta Pusat
Griya Pijat,Tanah Abang,Jakarta Pusat
Griya Pijat,Kemayoran,Jakarta Pusat
Griya Pijat,Sawah Besar,Jakarta Pusat
Griya Pijat,Sawah Besar,Jakarta Pusat
Griya Pijat,Gambir,Jakarta Pusat
Griya Pijat,Senen,Jakarta Pusat
Griya Pijat,Gambir,Jakarta Pusat
Griya Pijat,Gambir,Jakarta Pusat
Griya Pijat,Gambir,Jakarta Pusat
Griya Pijat,Pancoran,Jakarta Selatan
Griya Pijat,Cilandak,Jakarta Selatan
Griya Pijat,Cilandak,Jakarta Selatan
Griya Pijat,Kebayoran Baru,Jakarta Selatan
Griya Pijat,Kebayoran Baru,Jakarta Selatan
Griya Pijat,Kebayoran Lama,Jakarta Selatan
Griya Pijat,Kebayoran Baru,Jakarta Selatan
Griya Pijat,Kebayoran Baru,Jakarta Selatan
Griya Pijat,Tebet,Jakarta Selatan
Griya Pijat,Cilandak,Jakarta Selatan
Griya Pijat,Kebayoran Baru,Jakarta Selatan
Griya Pijat,Setiabudi,Jakarta Selatan
Griya Pijat,Kebayoran Lama,Jakarta Selatan
Griya Pijat,Kebayoran Lama,Jakarta Selatan
Griya Pijat,Kebayoran Baru,Jakarta Selatan
Griya Pijat,Cilandak,Jakarta Selatan
Griya Pijat,Kebayoran Lama,Jakarta Selatan
Griya Pijat,Kebayoran Baru,Jakarta Selatan
Griya Pijat,Setiabudi,Jakarta Selatan
Griya Pijat,Kebayoran Baru,Jakarta Selatan
Griya Pijat,Pesanggrahan,Jakarta Selatan
Griya Pijat,Mampang Prapatan,Jakarta Selatan
Griya Pijat,Kebayoran Baru,Jakarta Selatan
Griya Pijat,Cilandak,Jakarta Selatan
Griya Pijat,Kebayoran Lama,Jakarta Selatan
Griya Pijat,Kebayoran Baru,Jakarta Selatan
Griya Pijat,Tebet,Jakarta Selatan
Griya Pijat,Kebayoran Lama,Jakarta Selatan
Griya Pijat,Setiabudi,Jakarta Selatan
Griya Pijat,Kebayoran Lama,Jakarta Selatan
Griya Pijat,Kebayoran Baru,Jakarta Selatan
Griya Pijat,Tebet,Jakarta Selatan
Griya Pijat,Kebayoran Lama,Jakarta Selatan
Griya Pijat,Cilandak,Jakarta Selatan
Griya Pijat,Kebayoran Baru,Jakarta Selatan
Griya Pijat,Kebayoran Lama,Jakarta Selatan
Griya Pijat,Kebayoran Lama,Jakarta Selatan
Griya Pijat,Tebet,Jakarta Selatan
Griya Pijat,Kebayoran Baru,Jakarta Selatan
Griya Pijat,Pancoran,Jakarta Selatan
Griya Pijat,Kebayoran Lama,Jakarta Selatan
Griya Pijat,Kebayoran Baru,Jakarta Selatan
Griya Pijat,Mampang Prapatan,Jakarta Selatan
Griya Pijat,Cilandak,Jakarta Selatan
Griya Pijat,Kebayoran Baru,Jakarta Selatan
Griya Pijat,Setiabudi,Jakarta Selatan
Griya Pijat,Kebayoran Baru,Jakarta Selatan
Griya Pijat,Kebayoran Lama,Jakarta Selatan
Griya Pijat,Kebayoran Baru,Jakarta Selatan
Griya Pijat,Cilandak,Jakarta Selatan
Griya Pijat,Tebet,Jakarta Selatan
Griya Pijat,Makasar,Jakarta Timur
Griya Pijat,Pulo Gadung,Jakarta Timur
Griya Pijat,Cakung,Jakarta Timur
Griya Pijat,Jatinegara,Jakarta Timur
Griya Pijat,Pulo Gadung,Jakarta Timur
Griya Pijat,Makasar,Jakarta Timur
Griya Pijat,Pasar Rebo,Jakarta Timur
Griya Pijat,Matraman,Jakarta Timur
Griya Pijat,Pulo Gadung,Jakarta Timur
Griya Pijat,Pulo Gadung,Jakarta Timur
Griya Pijat,Pulo Gadung,Jakarta Timur
Griya Pijat,Kramat Jati,Jakarta Timur
Griya Pijat,Kramat Jati,Jakarta Timur
Griya Pijat,Pulo Gadung,Jakarta Timur
Griya Pijat,Koja,Jakarta Utara
Griya Pijat,Penjaringan,Jakarta Utara
Griya Pijat,Koja,Jakarta Utara
Griya Pijat,Kelapa Gading,Jakarta Utara
Griya Pijat,Pademangan,Jakarta Utara
Griya Pijat,Pademangan,Jakarta Utara
Griya Pijat,Kelapa Gading,Jakarta Utara
Griya Pijat,Penjaringan,Jakarta Utara
Griya Pijat,Kelapa Gading,Jakarta Utara
Griya Pijat,Pademangan,Jakarta Utara
Griya Pijat,Pademangan,Jakarta Utara
Griya Pijat,Pademangan,Jakarta Utara
Griya Pijat,Kelapa Gading,Jakarta Utara
Griya Pijat,Koja,Jakarta Utara
Griya Pijat,Kelapa Gading,Jakarta Utara
Griya Pijat,Kelapa Gading,Jakarta Utara
Griya Pijat,Pademangan,Jakarta Utara
Griya Pijat,Pademangan,Jakarta Utara
Griya Pijat,Pademangan,Jakarta Utara
Griya Pijat,Kelapa Gading,Jakarta Utara
Griya Pijat,Kelapa Gading,Jakarta Utara
Griya Pijat,Kelapa Gading,Jakarta Utara
Griya Pijat,Penjaringan,Jakarta Utara
Griya Pijat,Pademangan,Jakarta Utara
Griya Pijat,Pademangan,Jakarta Utara
Griya Pijat,Penjaringan,Jakarta Utara
Griya Pijat,Kelapa Gading,Jakarta Utara
Griya Pijat,Kelapa Gading,Jakarta Utara
Griya Pijat,Pademangan,Jakarta Utara
Griya Pijat,Kelapa Gading,Jakarta Utara
Griya Pijat,Kelapa Gading,Jakarta Utara
Griya Pijat,Kelapa Gading,Jakarta Utara
Griya Pijat,Pademangan,Jakarta Utara
Griya Pijat,Kelapa Gading,Jakarta Utara
Griya Pijat,Pademangan,Jakarta Utara
Griya Pijat,Kelapa Gading,Jakarta Utara
Griya Pijat,Penjaringan,Jakarta Utara
Griya Pijat,Koja,Jakarta Utara
Griya Pijat,Penjaringan,Jakarta Utara
Griya Pijat,Pademangan,Jakarta Utara
Griya Pijat,Pademangan,Jakarta Utara
Griya Pijat,Kelapa Gading,Jakarta Utara
Griya Pijat,Penjaringan,Jakarta Utara
Griya Pijat,Pademangan,Jakarta Utara
Griya Pijat,Pademangan,Jakarta Utara
Griya Pijat,Kelapa Gading,Jakarta Utara
Griya Pijat,Pademangan,Jakarta Utara
Griya Pijat,Koja,Jakarta Utara
Griya Pijat,Pademangan,Jakarta Utara
Griya Pijat,Kelapa Gading,Jakarta Utara
Griya Pijat,Koja,Jakarta Utara
Griya Pijat,Kelapa Gading,Jakarta Utara
Griya Pijat,Kelapa Gading,Jakarta Utara
Griya Pijat,Kelapa Gading,Jakarta Utara
Griya Pijat,Pademangan,Jakarta Utara
Griya Pijat,Kelapa Gading,Jakarta Utara
Griya Pijat,Pademangan,Jakarta Utara
Griya Pijat,Pademangan,Jakarta Utara
Griya Pijat,Pademangan,Jakarta Utara
Griya Pijat,Kelapa Gading,Jakarta Utara
Griya Pijat,Pademangan,Jakarta Utara
Griya Pijat,Penjaringan,Jakarta Utara
Griya Pijat,Pademangan,Jakarta Utara
Karaoke,Cengkareng,Jakarta Barat
Karaoke,Tambora,Jakarta Barat
Karaoke,Tamansari,Jakarta Barat
Karaoke,Cengkareng,Jakarta Barat
Karaoke,Tambora,Jakarta Barat
Karaoke,Grogol Petamburan,Jakarta Barat
Karaoke,Kebon Jeruk,Jakarta Barat
Karaoke,Grogol Petamburan,Jakarta Barat
Karaoke,Tambora,Jakarta Barat
Karaoke,Tamansari,Jakarta Barat
Karaoke,Tamansari,Jakarta Barat
Karaoke,Tamansari,Jakarta Barat
Karaoke,Palmerah,Jakarta Barat
Karaoke,Grogol Petamburan,Jakarta Barat
Karaoke,Tamansari,Jakarta Barat
Karaoke,Tamansari,Jakarta Barat
Karaoke,Tambora,Jakarta Barat
Karaoke,Tamansari,Jakarta Barat
Karaoke,Kalideres,Jakarta Barat
Karaoke,Grogol Petamburan,Jakarta Barat
Karaoke,Tamansari,Jakarta Barat
Karaoke,Tamansari,Jakarta Barat
Karaoke,Tamansari,Jakarta Barat
Karaoke,Grogol Petamburan,Jakarta Barat
Karaoke,Cengkareng,Jakarta Barat
Karaoke,Kembangan,Jakarta Barat
Karaoke,Kebon Jeruk,Jakarta Barat
Karaoke,Grogol Petamburan,Jakarta Barat
Karaoke,Tamansari,Jakarta Barat
Karaoke,Tambora,Jakarta Barat
Karaoke,Tamansari,Jakarta Barat
Karaoke,Grogol Petamburan,Jakarta Barat
Karaoke,Kebon Jeruk,Jakarta Barat
Karaoke,Grogol Petamburan,Jakarta Barat
Karaoke,Cengkareng,Jakarta Barat
Karaoke,Kebon Jeruk,Jakarta Barat
Karaoke,Grogol Petamburan,Jakarta Barat
Karaoke,Tamansari,Jakarta Barat
Karaoke,Tamansari,Jakarta Barat
Karaoke,Palmerah,Jakarta Barat
Karaoke,Tamansari,Jakarta Barat
Karaoke,Grogol Petamburan,Jakarta Barat
Karaoke,Tamansari,Jakarta Barat
Karaoke,Grogol Petamburan,Jakarta Barat
Karaoke,Tamansari,Jakarta Barat
Karaoke,Tamansari,Jakarta Barat
Karaoke,Tambora,Jakarta Barat
Karaoke,Tamansari,Jakarta Barat
Karaoke,Cengkareng,Jakarta Barat
Karaoke,Kalideres,Jakarta Barat
Karaoke,Kembangan,Jakarta Barat
Karaoke,Tamansari,Jakarta Barat
Karaoke,Grogol Petamburan,Jakarta Barat
Karaoke,Tambora,Jakarta Barat
Karaoke,Tamansari,Jakarta Barat
Karaoke,Tamansari,Jakarta Barat
Karaoke,Tamansari,Jakarta Barat
Karaoke,Tamansari,Jakarta Barat
Karaoke,Tamansari,Jakarta Barat
Karaoke,Tamansari,Jakarta Barat
Karaoke,Tamansari,Jakarta Barat
Karaoke,Kebon Jeruk,Jakarta Barat
Karaoke,Tamansari,Jakarta Barat
Karaoke,Grogol Petamburan,Jakarta Barat
Karaoke,Cengkareng,Jakarta Barat
Karaoke,Senen,Jakarta Pusat
Karaoke,Tanah Abang,Jakarta Pusat
Karaoke,Menteng,Jakarta Pusat
Karaoke,Cempaka Putih,Jakarta Pusat
Karaoke,Tanah Abang,Jakarta Pusat
Karaoke,Senen,Jakarta Pusat
Karaoke,Sawah Besar,Jakarta Pusat
Karaoke,Sawah Besar,Jakarta Pusat
Karaoke,Gambir,Jakarta Pusat
Karaoke,Gambir,Jakarta Pusat
Karaoke,Sawah Besar,Jakarta Pusat
Karaoke,Tanah Abang,Jakarta Pusat
Karaoke,Sawah Besar,Jakarta Pusat
Karaoke,Sawah Besar,Jakarta Pusat
Karaoke,Sawah Besar,Jakarta Pusat
Karaoke,Tanah Abang,Jakarta Pusat
Karaoke,Menteng,Jakarta Pusat
Karaoke,Tanah Abang,Jakarta Pusat
Karaoke,Menteng,Jakarta Pusat
Karaoke,Senen,Jakarta Pusat
Karaoke,Sawah Besar,Jakarta Pusat
Karaoke,Menteng,Jakarta Pusat
Karaoke,Cempaka Putih,Jakarta Pusat
Karaoke,Menteng,Jakarta Pusat
Karaoke,Gambir,Jakarta Pusat
Karaoke,Sawah Besar,Jakarta Pusat
Karaoke,Gambir,Jakarta Pusat
Karaoke,Sawah Besar,Jakarta Pusat
Karaoke,Cempaka Putih,Jakarta Pusat
Karaoke,Sawah Besar,Jakarta Pusat
Karaoke,Menteng,Jakarta Pusat
Karaoke,Menteng,Jakarta Pusat
Karaoke,Tanah Abang,Jakarta Pusat
Karaoke,Gambir,Jakarta Pusat
Karaoke,Gambir,Jakarta Pusat
Karaoke,Tanah Abang,Jakarta Pusat
Karaoke,Tanah Abang,Jakarta Pusat
Karaoke,Tanah Abang,Jakarta Pusat
Karaoke,Kebayoran Lama,Jakarta Selatan
Karaoke,Setiabudi,Jakarta Selatan
Karaoke,Kebayoran Baru,Jakarta Selatan
Karaoke,Pesanggrahan,Jakarta Selatan
Karaoke,Kebayoran Baru,Jakarta Selatan
Karaoke,Kebayoran Baru,Jakarta Selatan
Karaoke,Kebayoran Lama,Jakarta Selatan
Karaoke,Tebet,Jakarta Selatan
Karaoke,Kebayoran Baru,Jakarta Selatan
Karaoke,Kebayoran Baru,Jakarta Selatan
Karaoke,Kebayoran Baru,Jakarta Selatan
Karaoke,Kebayoran Baru,Jakarta Selatan
Karaoke,Setiabudi,Jakarta Selatan
Karaoke,Kebayoran Baru,Jakarta Selatan
Karaoke,Kebayoran Lama,Jakarta Selatan
Karaoke,Tebet,Jakarta Selatan
Karaoke,Pancoran,Jakarta Selatan
Karaoke,Pasar Minggu,Jakarta Selatan
Karaoke,Pesanggrahan,Jakarta Selatan
Karaoke,Setiabudi,Jakarta Selatan
Karaoke,Kebayoran Baru,Jakarta Selatan
Karaoke,Kebayoran Baru,Jakarta Selatan
Karaoke,Kebayoran Baru,Jakarta Selatan
Karaoke,Setiabudi,Jakarta Selatan
Karaoke,Cilandak,Jakarta Selatan
Karaoke,Cilandak,Jakarta Selatan
Karaoke,Kebayoran Baru,Jakarta Selatan
Karaoke,Setiabudi,Jakarta Selatan
Karaoke,Kebayoran Baru,Jakarta Selatan
Karaoke,Mampang Prapatan,Jakarta Selatan
Karaoke,Cilandak,Jakarta Selatan
Karaoke,Pancoran,Jakarta Selatan
Karaoke,Kebayoran Lama,Jakarta Selatan
Karaoke,Kebayoran Baru,Jakarta Selatan
Karaoke,Kebayoran Baru,Jakarta Selatan
Karaoke,Kebayoran Baru,Jakarta Selatan
Karaoke,Cilandak,Jakarta Selatan
Karaoke,Tebet,Jakarta Selatan
Karaoke,Cilandak,Jakarta Selatan
Karaoke,Pasar Minggu,Jakarta Selatan
Karaoke,Mampang Prapatan,Jakarta Selatan
Karaoke,Kebayoran Baru,Jakarta Selatan
Karaoke,Kebayoran Baru,Jakarta Selatan
Karaoke,Kebayoran Baru,Jakarta Selatan
Karaoke,Kebayoran Baru,Jakarta Selatan
Karaoke,Setiabudi,Jakarta Selatan
Karaoke,Kebayoran Baru,Jakarta Selatan
Karaoke,Kebayoran Baru,Jakarta Selatan
Karaoke,Kebayoran Baru,Jakarta Selatan
Karaoke,Kebayoran Baru,Jakarta Selatan
Karaoke,Kebayoran Baru,Jakarta Selatan
Karaoke,Kebayoran Baru,Jakarta Selatan
Karaoke,Kebayoran Baru,Jakarta Selatan
Karaoke,Kebayoran Lama,Jakarta Selatan
Karaoke,Setiabudi,Jakarta Selatan
Karaoke,Kebayoran Baru,Jakarta Selatan
Karaoke,Pancoran,Jakarta Selatan
Karaoke,Kebayoran Baru,Jakarta Selatan
Karaoke,Cilandak,Jakarta Selatan
Karaoke,Cilandak,Jakarta Selatan
Karaoke,Kebayoran Lama,Jakarta Selatan
Karaoke,Kebayoran Lama,Jakarta Selatan
Karaoke,Setiabudi,Jakarta Selatan
Karaoke,Kebayoran Baru,Jakarta Selatan
Karaoke,Mampang Prapatan,Jakarta Selatan
Karaoke,Pancoran,Jakarta Selatan
Karaoke,Setiabudi,Jakarta Selatan
Karaoke,Kebayoran Baru,Jakarta Selatan
Karaoke,Setiabudi,Jakarta Selatan
Karaoke,Kebayoran Baru,Jakarta Selatan
Karaoke,Kebayoran Baru,Jakarta Selatan
Karaoke,Kebayoran Lama,Jakarta Selatan
Karaoke,Pesanggrahan,Jakarta Selatan
Karaoke,Kebayoran Lama,Jakarta Selatan
Karaoke,Kebayoran Baru,Jakarta Selatan
Karaoke,Kebayoran Baru,Jakarta Selatan
Karaoke,Kebayoran Baru,Jakarta Selatan
Karaoke,Kebayoran Baru,Jakarta Selatan
Karaoke,Tebet,Jakarta Selatan
Karaoke,Kebayoran Baru,Jakarta Selatan
Karaoke,Setiabudi,Jakarta Selatan
Karaoke,Setiabudi,Jakarta Selatan
Karaoke,Kebayoran Baru,Jakarta Selatan
Karaoke,Kebayoran Baru,Jakarta Selatan
Karaoke,Kebayoran Baru,Jakarta Selatan
Karaoke,Kebayoran Baru,Jakarta Selatan
Karaoke,Pancoran,Jakarta Selatan
Karaoke,Kebayoran Baru,Jakarta Selatan
Karaoke,Matraman,Jakarta Timur
Karaoke,Pulo Gadung,Jakarta Timur
Karaoke,Pulo Gadung,Jakarta Timur
Karaoke,Pulo Gadung,Jakarta Timur
Karaoke,Cakung,Jakarta Timur
Karaoke,Cipayung,Jakarta Timur
Karaoke,Kramat Jati,Jakarta Timur
Karaoke,Ciracas,Jakarta Timur
Karaoke,Duren Sawit,Jakarta Timur
Karaoke,Kramat Jati,Jakarta Timur
Karaoke,Pasar Rebo,Jakarta Timur
Karaoke,Duren Sawit,Jakarta Timur
Karaoke,Duren Sawit,Jakarta Timur
Karaoke,Cakung,Jakarta Timur
Karaoke,Matraman,Jakarta Timur
Karaoke,Jatinegara,Jakarta Timur
Karaoke,Cakung,Jakarta Timur
Karaoke,Makasar,Jakarta Timur
Karaoke,Kelapa Gading,Jakarta Utara
Karaoke,Pademangan,Jakarta Utara
Karaoke,Kelapa Gading,Jakarta Utara
Karaoke,Koja,Jakarta Utara
Karaoke,Koja,Jakarta Utara
Karaoke,Kelapa Gading,Jakarta Utara
Karaoke,Kelapa Gading,Jakarta Utara
Karaoke,Kepulauan Seribu,Jakarta Utara
Karaoke,Penjaringan,Jakarta Utara
Karaoke,Cilincing,Jakarta Utara
Karaoke,Kelapa Gading,Jakarta Utara
Karaoke,Kelapa Gading,Jakarta Utara
Karaoke,Kelapa Gading,Jakarta Utara
Karaoke,Penjaringan,Jakarta Utara
Karaoke,Kelapa Gading,Jakarta Utara
Karaoke,Kelapa Gading,Jakarta Utara
Karaoke,Pademangan,Jakarta Utara
Karaoke,Kelapa Gading,Jakarta Utara
Karaoke,Pademangan,Jakarta Utara
Karaoke,Kelapa Gading,Jakarta Utara
Karaoke,Kelapa Gading,Jakarta Utara
Karaoke,Kelapa Gading,Jakarta Utara
Karaoke,Pademangan,Jakarta Utara
Karaoke,Kelapa Gading,Jakarta Utara
Karaoke,Kelapa Gading,Jakarta Utara
Karaoke,Kelapa Gading,Jakarta Utara
Karaoke,Pademangan,Jakarta Utara
Karaoke,Penjaringan,Jakarta Utara
Karaoke,Kelapa Gading,Jakarta Utara
Karaoke,Pademangan,Jakarta Utara
Karaoke,Penjaringan,Jakarta Utara
Karaoke,Kelapa Gading,Jakarta Utara
Karaoke,Kelapa Gading,Jakarta Utara
Karaoke,Pademangan,Jakarta Utara
Karaoke,Kelapa Gading,Jakarta Utara
Karaoke,Kelapa Gading,Jakarta Utara
Karaoke,Kelapa Gading,Jakarta Utara
Karaoke,Penjaringan,Jakarta Utara
Karaoke,Kelapa Gading,Jakarta Utara
Karaoke,Pademangan,Jakarta Utara
Karaoke,Kelapa Gading,Jakarta Utara
Karaoke,Kelapa Gading,Jakarta Utara
Karaoke,Pademangan,Jakarta Utara
Karaoke,Koja,Jakarta Utara
Karaoke,Penjaringan,Jakarta Utara
Karaoke,Kelapa Gading,Jakarta Utara
Karaoke,Kelapa Gading,Jakarta Utara
Karaoke,Pademangan,Jakarta Utara
Karaoke,Pademangan,Jakarta Utara
Karaoke,Koja,Jakarta Utara
Karaoke,Kelapa Gading,Jakarta Utara
Karaoke,Pademangan,Jakarta Utara
Karaoke,Pademangan,Jakarta Utara
Karaoke,Koja,Jakarta Utara
Karaoke,Koja,Jakarta Utara
Karaoke,Kelapa Gading,Jakarta Utara
Karaoke,Koja,Jakarta Utara
Karaoke,Kelapa Gading,Jakarta Utara
Karaoke,Penjaringan,Jakarta Utara
Karaoke,Penjaringan,Jakarta Utara
Karaoke,Pademangan,Jakarta Utara
Klab Malam,Tamansari,Jakarta Barat
Klab Malam,Tamansari,Jakarta Barat
Klab Malam,Tamansari,Jakarta Barat
Klab Malam,Tamansari,Jakarta Barat
Klab Malam,Tamansari,Jakarta Barat
Klab Malam,Tamansari,Jakarta Barat
Klab Malam,Tamansari,Jakarta Barat
Klab Malam,Gambir,Jakarta Pusat
Musik Hidup,Tamansari,Jakarta Barat
Musik Hidup,Tamansari,Jakarta Barat
Musik Hidup,Tamansari,Jakarta Barat
Musik Hidup,Tamansari,Jakarta Barat
Musik Hidup,Grogol Petamburan,Jakarta Barat
Musik Hidup,Kebon Jeruk,Jakarta Barat
Musik Hidup,Tamansari,Jakarta Barat
Musik Hidup,Tamansari,Jakarta Barat
Musik Hidup,Tamansari,Jakarta Barat
Musik Hidup,Tamansari,Jakarta Barat
Musik Hidup,Tamansari,Jakarta Barat
Musik Hidup,Tambora,Jakarta Barat
Musik Hidup,Tamansari,Jakarta Barat
Musik Hidup,Kembangan,Jakarta Barat
Musik Hidup,Tamansari,Jakarta Barat
Musik Hidup,Grogol Petamburan,Jakarta Barat
Musik Hidup,Tamansari,Jakarta Barat
Musik Hidup,Tamansari,Jakarta Barat
Musik Hidup,Tamansari,Jakarta Barat
Musik Hidup,Tamansari,Jakarta Barat
Musik Hidup,Grogol Petamburan,Jakarta Barat
Musik Hidup,Grogol Petamburan,Jakarta Barat
Musik Hidup,Tamansari,Jakarta Barat
Musik Hidup,Tamansari,Jakarta Barat
Musik Hidup,Tamansari,Jakarta Barat
Musik Hidup,Tamansari,Jakarta Barat
Musik Hidup,Tambora,Jakarta Barat
Musik Hidup,Tamansari,Jakarta Barat
Musik Hidup,Kebon Jeruk,Jakarta Barat
Musik Hidup,Kebon Jeruk,Jakarta Barat
Musik Hidup,Tamansari,Jakarta Barat
Musik Hidup,Tamansari,Jakarta Barat
Musik Hidup,Grogol Petamburan,Jakarta Barat
Musik Hidup,Tamansari,Jakarta Barat
Musik Hidup,Tamansari,Jakarta Barat
Musik Hidup,Tamansari,Jakarta Barat
Musik Hidup,Kebon Jeruk,Jakarta Barat
Musik Hidup,Grogol Petamburan,Jakarta Barat
Musik Hidup,Menteng,Jakarta Pusat
Musik Hidup,Menteng,Jakarta Pusat
Musik Hidup,Tanah Abang,Jakarta Pusat
Musik Hidup,Menteng,Jakarta Pusat
Musik Hidup,Cempaka Putih,Jakarta Pusat
Musik Hidup,Tanah Abang,Jakarta Pusat
Musik Hidup,Menteng,Jakarta Pusat
Musik Hidup,Sawah Besar,Jakarta Pusat
Musik Hidup,Tanah Abang,Jakarta Pusat
Musik Hidup,Sawah Besar,Jakarta Pusat
Musik Hidup,Sawah Besar,Jakarta Pusat
Musik Hidup,Menteng,Jakarta Pusat
Musik Hidup,Menteng,Jakarta Pusat
Musik Hidup,Menteng,Jakarta Pusat
Musik Hidup,Gambir,Jakarta Pusat
Musik Hidup,Menteng,Jakarta Pusat
Musik Hidup,Cempaka Putih,Jakarta Pusat
Musik Hidup,Gambir,Jakarta Pusat
Musik Hidup,Menteng,Jakarta Pusat
Musik Hidup,Tanah Abang,Jakarta Pusat
Musik Hidup,Menteng,Jakarta Pusat
Musik Hidup,Tanah Abang,Jakarta Pusat
Musik Hidup,Menteng,Jakarta Pusat
Musik Hidup,Tanah Abang,Jakarta Pusat
Musik Hidup,Menteng,Jakarta Pusat
Musik Hidup,Menteng,Jakarta Pusat
Musik Hidup,Menteng,Jakarta Pusat
Musik Hidup,Tanah Abang,Jakarta Pusat
Musik Hidup,Cempaka Putih,Jakarta Pusat
Musik Hidup,Menteng,Jakarta Pusat
Musik Hidup,Menteng,Jakarta Pusat
Musik Hidup,Menteng,Jakarta Pusat
Musik Hidup,Sawah Besar,Jakarta Pusat
Musik Hidup,Tanah Abang,Jakarta Pusat
Musik Hidup,Menteng,Jakarta Pusat
Musik Hidup,Tanah Abang,Jakarta Pusat
Musik Hidup,Gambir,Jakarta Pusat
Musik Hidup,Tanah Abang,Jakarta Pusat
Musik Hidup,Menteng,Jakarta Pusat
Musik Hidup,Tanah Abang,Jakarta Pusat
Musik Hidup,Tanah Abang,Jakarta Pusat
Musik Hidup,Mampang Prapatan,Jakarta Selatan
Musik Hidup,Tebet,Jakarta Selatan
Musik Hidup,Setiabudi,Jakarta Selatan
Musik Hidup,Setiabudi,Jakarta Selatan
Musik Hidup,Mampang Prapatan,Jakarta Selatan
Musik Hidup,Setiabudi,Jakarta Selatan
Musik Hidup,Mampang Prapatan,Jakarta Selatan
Musik Hidup,Mampang Prapatan,Jakarta Selatan
Musik Hidup,Mampang Prapatan,Jakarta Selatan
Musik Hidup,Pesanggrahan,Jakarta Selatan
Musik Hidup,Kebayoran Lama,Jakarta Selatan
Musik Hidup,Setiabudi,Jakarta Selatan
Musik Hidup,Kebayoran Lama,Jakarta Selatan
Musik Hidup,Setiabudi,Jakarta Selatan
Musik Hidup,Mampang Prapatan,Jakarta Selatan
Musik Hidup,Kebayoran Baru,Jakarta Selatan
Musik Hidup,Kebayoran Baru,Jakarta Selatan
Musik Hidup,Kebayoran Baru,Jakarta Selatan
Musik Hidup,Kebayoran Baru,Jakarta Selatan
Musik Hidup,Setiabudi,Jakarta Selatan
Musik Hidup,Kebayoran Baru,Jakarta Selatan
Musik Hidup,Kebayoran Baru,Jakarta Selatan
Musik Hidup,Mampang Prapatan,Jakarta Selatan
Musik Hidup,Setiabudi,Jakarta Selatan
Musik Hidup,Mampang Prapatan,Jakarta Selatan
Musik Hidup,Cilandak,Jakarta Selatan
Musik Hidup,Setiabudi,Jakarta Selatan
Musik Hidup,Mampang Prapatan,Jakarta Selatan
Musik Hidup,Kebayoran Baru,Jakarta Selatan
Musik Hidup,Kebayoran Baru,Jakarta Selatan
Musik Hidup,Mampang Prapatan,Jakarta Selatan
Musik Hidup,Setiabudi,Jakarta Selatan
Musik Hidup,Kebayoran Baru,Jakarta Selatan
Musik Hidup,Mampang Prapatan,Jakarta Selatan
Musik Hidup,Kebayoran Baru,Jakarta Selatan
Musik Hidup,Mampang Prapatan,Jakarta Selatan
Musik Hidup,Mampang Prapatan,Jakarta Selatan
Musik Hidup,Kebayoran Baru,Jakarta Selatan
Musik Hidup,Mampang Prapatan,Jakarta Selatan
Musik Hidup,Kebayoran Baru,Jakarta Selatan
Musik Hidup,Setiabudi,Jakarta Selatan
Musik Hidup,Kebayoran Baru,Jakarta Selatan
Musik Hidup,Setiabudi,Jakarta Selatan
Musik Hidup,Cilandak,Jakarta Selatan
Musik Hidup,Mampang Prapatan,Jakarta Selatan
Musik Hidup,Mampang Prapatan,Jakarta Selatan
Musik Hidup,Setiabudi,Jakarta Selatan
Musik Hidup,Kebayoran Baru,Jakarta Selatan
Musik Hidup,Pesanggrahan,Jakarta Selatan
Musik Hidup,Setiabudi,Jakarta Selatan
Musik Hidup,Mampang Prapatan,Jakarta Selatan
Musik Hidup,Pancoran,Jakarta Selatan
Musik Hidup,Jatinegara,Jakarta Timur
Musik Hidup,Matraman,Jakarta Timur
Musik Hidup,Pulo Gadung,Jakarta Timur
Musik Hidup,Matraman,Jakarta Timur
Musik Hidup,Makasar,Jakarta Timur
Musik Hidup,Matraman,Jakarta Timur
Musik Hidup,Matraman,Jakarta Timur
Musik Hidup,Makasar,Jakarta Timur
Musik Hidup,Cakung,Jakarta Timur
Musik Hidup,Koja,Jakarta Utara
Musik Hidup,Koja,Jakarta Utara
Musik Hidup,Koja,Jakarta Utara
Musik Hidup,Penjaringan,Jakarta Utara
Musik Hidup,Penjaringan,Jakarta Utara
Musik Hidup,Penjaringan,Jakarta Utara
Musik Hidup,Pademangan,Jakarta Utara
Musik Hidup,Penjaringan,Jakarta Utara
Musik Hidup,Kelapa Gading,Jakarta Utara
Musik Hidup,Kepulauan Seribu,Jakarta Utara
Musik Hidup,Koja,Jakarta Utara
Musik Hidup,Kepulauan Seribu,Jakarta Utara
Musik Hidup,Pademangan,Jakarta Utara
Musik Hidup,Pademangan,Jakarta Utara
Musik Hidup,Kelapa Gading,Jakarta Utara
Musik Hidup,Koja,Jakarta Utara
Musik Hidup,Kelapa Gading,Jakarta Utara
Musik Hidup,Kepulauan Seribu,Jakarta Utara
Musik Hidup,Pademangan,Jakarta Utara
Musik Hidup,Pademangan,Jakarta Utara
Musik Hidup,Pademangan,Jakarta Utara
Musik Hidup,Koja,Jakarta Utara
Musik Hidup,Koja,Jakarta Utara
Musik Hidup,Kelapa Gading,Jakarta Utara
Musik Hidup,Kelapa Gading,Jakarta Utara
Musik Hidup,Pademangan,Jakarta Utara
Panti Pijat,Grogol Petamburan,Jakarta Barat
Panti Pijat,Grogol Petamburan,Jakarta Barat
Panti Pijat,Kembangan,Jakarta Barat
Panti Pijat,Kalideres,Jakarta Barat
Panti Pijat,Grogol Petamburan,Jakarta Barat
Panti Pijat,Kembangan,Jakarta Barat
Panti Pijat,Grogol Petamburan,Jakarta Barat
Panti Pijat,Kebon Jeruk,Jakarta Barat
Panti Pijat,Palmerah,Jakarta Barat
Panti Pijat,Tamansari,Jakarta Barat
Panti Pijat,Grogol Petamburan,Jakarta Barat
Panti Pijat,Menteng,Jakarta Pusat
Panti Pijat,Menteng,Jakarta Pusat
Panti Pijat,Sawah Besar,Jakarta Pusat
Panti Pijat,Gambir,Jakarta Pusat
Panti Pijat,Menteng,Jakarta Pusat
Panti Pijat,Gambir,Jakarta Pusat
Panti Pijat,Kebayoran Baru,Jakarta Selatan
Panti Pijat,Kebayoran Lama,Jakarta Selatan
Panti Pijat,Kebayoran Baru,Jakarta Selatan
Panti Pijat,Cilandak,Jakarta Selatan
Panti Pijat,Pasar Minggu,Jakarta Selatan
Panti Pijat,Kebayoran Baru,Jakarta Selatan
Panti Pijat,Cilandak,Jakarta Selatan
Panti Pijat,Kebayoran Baru,Jakarta Selatan
Panti Pijat,Kebayoran Lama,Jakarta Selatan
Panti Pijat,Setiabudi,Jakarta Selatan
Panti Pijat,Kebayoran Baru,Jakarta Selatan
Panti Pijat,Cilandak,Jakarta Selatan
Panti Pijat,Setiabudi,Jakarta Selatan
Panti Pijat,Setiabudi,Jakarta Selatan
Panti Pijat,Jatinegara,Jakarta Timur
Panti Pijat,Pademangan,Jakarta Utara
Panti Pijat,Kelapa Gading,Jakarta Utara
Panti Pijat,Pademangan,Jakarta Utara
Panti Pijat,Kelapa Gading,Jakarta Utara
Panti Pijat,Pademangan,Jakarta Utara
Panti Pijat,Penjaringan,Jakarta Utara
Panti Pijat,Pademangan,Jakarta Utara
Panti Pijat,Pademangan,Jakarta Utara
Panti Pijat,Kelapa Gading,Jakarta Utara
Panti Pijat,Kelapa Gading,Jakarta Utara
Panti Pijat,Penjaringan,Jakarta Utara
Pusat Olah Raga dan Kesegaran Jasmani,Kalideres,Jakarta Barat
Pusat Olah Raga dan Kesegaran Jasmani,Kembangan,Jakarta Barat
Pusat Olah Raga dan Kesegaran Jasmani,Grogol Petamburan,Jakarta Barat
Pusat Olah Raga dan Kesegaran Jasmani,Kembangan,Jakarta Barat
Pusat Olah Raga dan Kesegaran Jasmani,Grogol Petamburan,Jakarta Barat
Pusat Olah Raga dan Kesegaran Jasmani,Kembangan,Jakarta Barat
Pusat Olah Raga dan Kesegaran Jasmani,Grogol Petamburan,Jakarta Barat
Pusat Olah Raga dan Kesegaran Jasmani,Cengkareng,Jakarta Barat
Pusat Olah Raga dan Kesegaran Jasmani,Kebon Jeruk,Jakarta Barat
Pusat Olah Raga dan Kesegaran Jasmani,Tamansari,Jakarta Barat
Pusat Olah Raga dan Kesegaran Jasmani,Grogol Petamburan,Jakarta Barat
Pusat Olah Raga dan Kesegaran Jasmani,Tanah Abang,Jakarta Pusat
Pusat Olah Raga dan Kesegaran Jasmani,Tanah Abang,Jakarta Pusat
Pusat Olah Raga dan Kesegaran Jasmani,Gambir,Jakarta Pusat
Pusat Olah Raga dan Kesegaran Jasmani,Tanah Abang,Jakarta Pusat
Pusat Olah Raga dan Kesegaran Jasmani,Menteng,Jakarta Pusat
Pusat Olah Raga dan Kesegaran Jasmani,Menteng,Jakarta Pusat
Pusat Olah Raga dan Kesegaran Jasmani,Tanah Abang,Jakarta Pusat
Pusat Olah Raga dan Kesegaran Jasmani,Gambir,Jakarta Pusat
Pusat Olah Raga dan Kesegaran Jasmani,Tanah Abang,Jakarta Pusat
Pusat Olah Raga dan Kesegaran Jasmani,Tanah Abang,Jakarta Pusat
Pusat Olah Raga dan Kesegaran Jasmani,Tanah Abang,Jakarta Pusat
Pusat Olah Raga dan Kesegaran Jasmani,Tanah Abang,Jakarta Pusat
Pusat Olah Raga dan Kesegaran Jasmani,Kemayoran,Jakarta Pusat
Pusat Olah Raga dan Kesegaran Jasmani,Kemayoran,Jakarta Pusat
Pusat Olah Raga dan Kesegaran Jasmani,Kebayoran Lama,Jakarta Selatan
Pusat Olah Raga dan Kesegaran Jasmani,Kebayoran Baru,Jakarta Selatan
Pusat Olah Raga dan Kesegaran Jasmani,Kebayoran Lama,Jakarta Selatan
Pusat Olah Raga dan Kesegaran Jasmani,Mampang Prapatan,Jakarta Selatan
Pusat Olah Raga dan Kesegaran Jasmani,Tebet,Jakarta Selatan
Pusat Olah Raga dan Kesegaran Jasmani,Kebayoran Lama,Jakarta Selatan
Pusat Olah Raga dan Kesegaran Jasmani,Setiabudi,Jakarta Selatan
Pusat Olah Raga dan Kesegaran Jasmani,Setiabudi,Jakarta Selatan
Pusat Olah Raga dan Kesegaran Jasmani,Mampang Prapatan,Jakarta Selatan
Pusat Olah Raga dan Kesegaran Jasmani,Kebayoran Baru,Jakarta Selatan
Pusat Olah Raga dan Kesegaran Jasmani,Setiabudi,Jakarta Selatan
Pusat Olah Raga dan Kesegaran Jasmani,Setiabudi,Jakarta Selatan
Pusat Olah Raga dan Kesegaran Jasmani,Mampang Prapatan,Jakarta Selatan
Pusat Olah Raga dan Kesegaran Jasmani,Kebayoran Baru,Jakarta Selatan
Pusat Olah Raga dan Kesegaran Jasmani,Pasar Minggu,Jakarta Selatan
Pusat Olah Raga dan Kesegaran Jasmani,Setiabudi,Jakarta Selatan
Pusat Olah Raga dan Kesegaran Jasmani,Setiabudi,Jakarta Selatan
Pusat Olah Raga dan Kesegaran Jasmani,Cilandak,Jakarta Selatan
Pusat Olah Raga dan Kesegaran Jasmani,Setiabudi,Jakarta Selatan
Pusat Olah Raga dan Kesegaran Jasmani,Setiabudi,Jakarta Selatan
Pusat Olah Raga dan Kesegaran Jasmani,Cilandak,Jakarta Selatan
Pusat Olah Raga dan Kesegaran Jasmani,Tebet,Jakarta Selatan
Pusat Olah Raga dan Kesegaran Jasmani,Pasar Minggu,Jakarta Selatan
Pusat Olah Raga dan Kesegaran Jasmani,Cilandak,Jakarta Selatan
Pusat Olah Raga dan Kesegaran Jasmani,Setiabudi,Jakarta Selatan
Pusat Olah Raga dan Kesegaran Jasmani,Pesanggrahan,Jakarta Selatan
Pusat Olah Raga dan Kesegaran Jasmani,Pasar Minggu,Jakarta Selatan
Pusat Olah Raga dan Kesegaran Jasmani,Kebayoran Baru,Jakarta Selatan
Pusat Olah Raga dan Kesegaran Jasmani,Setiabudi,Jakarta Selatan
Pusat Olah Raga dan Kesegaran Jasmani,Pulo Gadung,Jakarta Timur
Pusat Olah Raga dan Kesegaran Jasmani,Ciracas,Jakarta Timur
Pusat Olah Raga dan Kesegaran Jasmani,Kramat Jati,Jakarta Timur
Pusat Olah Raga dan Kesegaran Jasmani,Kelapa Gading,Jakarta Utara
Pusat Olah Raga dan Kesegaran Jasmani,Pademangan,Jakarta Utara
Pusat Olah Raga dan Kesegaran Jasmani,Kelapa Gading,Jakarta Utara
Pusat Olah Raga dan Kesegaran Jasmani,Kelapa Gading,Jakarta Utara
Pusat Olah Raga dan Kesegaran Jasmani,Pademangan,Jakarta Utara
Pusat Olah Raga dan Kesegaran Jasmani,Pademangan,Jakarta Utara
Pusat Olah Raga dan Kesegaran Jasmani,Penjaringan,Jakarta Utara
Pusat Olah Raga dan Kesegaran Jasmani,Pademangan,Jakarta Utara
Pusat Olah Raga dan Kesegaran Jasmani,Kelapa Gading,Jakarta Utara
Pusat Olah Raga dan Kesegaran Jasmani,Pademangan,Jakarta Utara
Pusat Olah Raga dan Kesegaran Jasmani,Koja,Jakarta Utara
Sarana Rekreasi Keluarga,Grogol Petamburan,Jakarta Barat
Sarana Rekreasi Keluarga,Tamansari,Jakarta Barat
Sarana Rekreasi Keluarga,Kalideres,Jakarta Barat
Sarana Rekreasi Keluarga,Tambora,Jakarta Barat
Sarana Rekreasi Keluarga,Cengkareng,Jakarta Barat
Sarana Rekreasi Keluarga,Grogol Petamburan,Jakarta Barat
Sarana Rekreasi Keluarga,Grogol Petamburan,Jakarta Barat
Sarana Rekreasi Keluarga,Kembangan,Jakarta Barat
Sarana Rekreasi Keluarga,Cengkareng,Jakarta Barat
Sarana Rekreasi Keluarga,Kalideres,Jakarta Barat
Sarana Rekreasi Keluarga,Kembangan,Jakarta Barat
Sarana Rekreasi Keluarga,Grogol Petamburan,Jakarta Barat
Sarana Rekreasi Keluarga,Kalideres,Jakarta Barat
Sarana Rekreasi Keluarga,Grogol Petamburan,Jakarta Barat
Sarana Rekreasi Keluarga,Grogol Petamburan,Jakarta Barat
Sarana Rekreasi Keluarga,Tambora,Jakarta Barat
Sarana Rekreasi Keluarga,Grogol Petamburan,Jakarta Barat
Sarana Rekreasi Keluarga,Cengkareng,Jakarta Barat
Sarana Rekreasi Keluarga,Menteng,Jakarta Pusat
Sarana Rekreasi Keluarga,Gambir,Jakarta Pusat
Sarana Rekreasi Keluarga,Kemayoran,Jakarta Pusat
Sarana Rekreasi Keluarga,Menteng,Jakarta Pusat
Sarana Rekreasi Keluarga,Menteng,Jakarta Pusat
Sarana Rekreasi Keluarga,Senen,Jakarta Pusat
Sarana Rekreasi Keluarga,Tanah Abang,Jakarta Pusat
Sarana Rekreasi Keluarga,Tanah Abang,Jakarta Pusat
Sarana Rekreasi Keluarga,Menteng,Jakarta Pusat
Sarana Rekreasi Keluarga,Menteng,Jakarta Pusat
Sarana Rekreasi Keluarga,Mampang Prapatan,Jakarta Selatan
Sarana Rekreasi Keluarga,Tebet,Jakarta Selatan
Sarana Rekreasi Keluarga,Setiabudi,Jakarta Selatan
Sarana Rekreasi Keluarga,Kebayoran Baru,Jakarta Selatan
Sarana Rekreasi Keluarga,Kebayoran Lama,Jakarta Selatan
Sarana Rekreasi Keluarga,Kebayoran Lama,Jakarta Selatan
Sarana Rekreasi Keluarga,Kebayoran Baru,Jakarta Selatan
Sarana Rekreasi Keluarga,Kebayoran Baru,Jakarta Selatan
Sarana Rekreasi Keluarga,Pancoran,Jakarta Selatan
Sarana Rekreasi Keluarga,Kebayoran Lama,Jakarta Selatan
Sarana Rekreasi Keluarga,Pancoran,Jakarta Selatan
Sarana Rekreasi Keluarga,Setiabudi,Jakarta Selatan
Sarana Rekreasi Keluarga,Kebayoran Baru,Jakarta Selatan
Sarana Rekreasi Keluarga,Setiabudi,Jakarta Selatan
Sarana Rekreasi Keluarga,Kebayoran Lama,Jakarta Selatan
Sarana Rekreasi Keluarga,Mampang Prapatan,Jakarta Selatan
Sarana Rekreasi Keluarga,Pasar Minggu,Jakarta Selatan
Sarana Rekreasi Keluarga,Mampang Prapatan,Jakarta Selatan
Sarana Rekreasi Keluarga,Kebayoran Baru,Jakarta Selatan
Sarana Rekreasi Keluarga,Kebayoran Lama,Jakarta Selatan
Sarana Rekreasi Keluarga,Kebayoran Lama,Jakarta Selatan
Sarana Rekreasi Keluarga,Pasar Minggu,Jakarta Selatan
Sarana Rekreasi Keluarga,Duren Sawit,Jakarta Timur
Sarana Rekreasi Keluarga,Duren Sawit,Jakarta Timur
Sarana Rekreasi Keluarga,Kramat Jati,Jakarta Timur
Sarana Rekreasi Keluarga,Ciracas,Jakarta Timur
Sarana Rekreasi Keluarga,Kramat Jati,Jakarta Timur
Sarana Rekreasi Keluarga,Duren Sawit,Jakarta Timur
Sarana Rekreasi Keluarga,Duren Sawit,Jakarta Timur
Sarana Rekreasi Keluarga,Pulo Gadung,Jakarta Timur
Sarana Rekreasi Keluarga,Duren Sawit,Jakarta Timur
Sarana Rekreasi Keluarga,Duren Sawit,Jakarta Timur
Sarana Rekreasi Keluarga,Kramat Jati,Jakarta Timur
Sarana Rekreasi Keluarga,Cakung,Jakarta Timur
Sarana Rekreasi Keluarga,Makasar,Jakarta Timur
Sarana Rekreasi Keluarga,Kelapa Gading,Jakarta Utara
Sarana Rekreasi Keluarga,Pademangan,Jakarta Utara
Sarana Rekreasi Keluarga,Kelapa Gading,Jakarta Utara
Sarana Rekreasi Keluarga,Kelapa Gading,Jakarta Utara
Sarana Rekreasi Keluarga,Pademangan,Jakarta Utara
Sarana Rekreasi Keluarga,Pademangan,Jakarta Utara
Sarana Rekreasi Keluarga,Kelapa Gading,Jakarta Utara
Sarana Rekreasi Keluarga,Kelapa Gading,Jakarta Utara
Sarana Rekreasi Keluarga,Koja,Jakarta Utara
Sarana Rekreasi Keluarga,Penjaringan,Jakarta Utara
Sarana Rekreasi Keluarga,Pademangan,Jakarta Utara
Sarana Rekreasi Keluarga,Koja,Jakarta Utara
Sarana Rekreasi Keluarga,Kelapa Gading,Jakarta Utara
Sarana Rekreasi Keluarga,Penjaringan,Jakarta Utara
Sarana Rekreasi Keluarga,Kelapa Gading,Jakarta Utara
Sarana Rekreasi Keluarga,Pademangan,Jakarta Utara
Sarana Rekreasi Keluarga,Kelapa Gading,Jakarta Utara
Sarana Rekreasi Keluarga,Pademangan,Jakarta Utara
Sarana Rekreasi Keluarga,Pademangan,Jakarta Utara
Sarana Rekreasi Keluarga,Pademangan,Jakarta Utara
Sarana Rekreasi Keluarga,Kelapa Gading,Jakarta Utara
Sarana Rekreasi Keluarga,Pademangan,Jakarta Utara
Sarana Rekreasi Keluarga,Pademangan,Jakarta Utara
Sarana Rekreasi Keluarga,Penjaringan,Jakarta Utara
Sarana Rekreasi Keluarga,Pademangan,Jakarta Utara
Sarana Rekreasi Keluarga,Kepulauan Seribu,Jakarta Utara
SPA (Sante Par Aqua),Kembangan,Jakarta Barat
SPA (Sante Par Aqua),Tanah Abang,Jakarta Pusat
SPA (Sante Par Aqua),Gambir,Jakarta Pusat
SPA (Sante Par Aqua),Menteng,Jakarta Pusat
SPA (Sante Par Aqua),Tanah Abang,Jakarta Pusat
SPA (Sante Par Aqua),Kebayoran Baru,Jakarta Selatan
SPA (Sante Par Aqua),Kebayoran Baru,Jakarta Selatan
SPA (Sante Par Aqua),Pancoran,Jakarta Selatan
SPA (Sante Par Aqua),Pancoran,Jakarta Selatan
SPA (Sante Par Aqua),Kebayoran Baru,Jakarta Selatan
SPA (Sante Par Aqua),Kebayoran Baru,Jakarta Selatan
SPA (Sante Par Aqua),Kebayoran Baru,Jakarta Selatan
SPA (Sante Par Aqua),Pademangan,Jakarta Utara
SPA (Sante Par Aqua),Penjaringan,Jakarta Utara
